email_text,output,timestamp
"'Subject: Submission of Required Personal Details

Dear Team,

I am writing to submit the requested personal details for your records. Please find the information below:

Full Name: Ramesh Kumar

Email Address: ramesh.kumar123@mail.com

Phone Number: +91 9123456789

Date of Birth: March 15, 1988

Aadhar Card Number: 4321-8765-0987

Credit/Debit Card Number: 5500 0000 0000 0004

CVV Number: 456

Card Expiry Date: 11/26

Let me know if there are any discrepancies or if further documentation is needed.

Warm regards,
Ramesh Kumar
ramesh.kumar123@mail.com
+91 9123456789",,2025-04-21 14:56:43.722545
